firstname,lastname,placement
Lamis,Vestin,3
Yvonne,Stolpe,2
Dagmar,Skoglund,4
Carola,Hellman,5
Ajla,Lindblom,1
Pamela,Abrahamsson,4
Erik,Appelqvist,3
Augusta,Hällgren,3
Joanna,Davidsson,1
Sasha ,Vestergren,5
Elisabeth,Hedlund,1
Rita,Hallin,5
Eva-Lotta,De,2
Izabell,Friberg,5
Margreta,Söderström,4
Laila,Forsgren,1
Aliya ,Mellgren,5
Angelica,Almström,3
Livia,Einarsson,2
Deborah,Strandberg,3
Thelma,Paulsson,3
Annica,Ericson,3
Marg:a,Lindroth,3
Elina,Klingberg,4
Lowa,Hallgren,4
Ada,Wallberg,5
Huda ,Lindholm,4
Juni,Mattsson,5
Lava ,Jeppsson,3
Irene,Lundgren,5
Olle,Högman,2
Lise-Lotte,Ling,2
Else,Schön,3
Elaine,Ramberg,1
Sofia,Wall,3
Ing-Marie,Lindman,1
Huda ,Widell,3
Celia ,Rosenberg,2
Mary,Lindblad,5
Uma,Lönnberg,5
Céline,Åhlén,5
Nora,Melander,2
Vivianne,Hagelin,3
Nova-Li ,Pehrsson,3
Liselott,Samuelsson,3
Mari-Ann,Kjellberg,1
Emelie,Enqvist,5
Lara,Hammarlund,4
Ajla,Öhlund,5
Christina,Ring,5
Tiffany,Wilhelmsson,5
Nadin,Ramström,1
Ana,Ahlgren,1
Denise,Söderman,3
Liselotte,Fogelberg,2
Liselott,Nyberg,2
Ina,Alm,3
Vera,Markström,1
Emelia,Almström,3
Ann-Sofie,Nyholm,5
Kornelia,Molander,2
Ingegerd,Nordkvist,2
Nora,Björkqvist,4
Ann-Kristin,Holmlund,2
Cathrine,Lidén,5
Agnes,Berntsson,5
Dahlia ,Svenningsson,2
Terese,Wiklund,1
Vanesa,Jonsson,3
Edith,Hamberg,1
Safia ,Norlin,2
Embla,Backström,3
Safa,Gren,4
Leyla ,Rylander,3
Thyra,Frank,5
Maud,Evertsson,3
Zeynep,Bäcklund,4
Samira,Ågren,3
Hoda,Rydström,3
Freya ,Zackrisson,2
Valborg,Bondesson,4
Theresia,Berndtsson,1
Micaela,Carlsson,3
Inga-Lisa,Lidman,3
Rose,Forsgren,2
Linda,Sunesson,1
Indra,Lindbäck,3
Alessia ,Björk,1
Anna-Lisa,Sahlin,2
Elwira,Ceder,5
Ina,Landén,3
Annette,Lindblom,1
Tintin,Söderlund,5
Julia,Martinsson,5
Elin,Ljungdahl,5
Liana,Broman,5
Elsie ,Filipsson,5
Jessika,Josefsson,4
Natalia,Rydberg,1
Tuva-Li ,Lindbäck,3
Joni ,Söderlund,4
Amira,Bergvall,2
Alexis ,Hultman,3
Corinne ,Vall,1
Milla,Cederholm,3
Ana,Norell,2
Helin,Sandén,3
Anja,Sigfridsson,1
Ava,Ljungström,1
Iman,Fahlén,3
Ingegärd,Hagman,3
Whilma,Landström,4
Hilde ,Antonsson,5
Ethel,Arnesson,5
Estelle,Carlsson,4
Denise,Grankvist,3
Jennifer,Engstrand,2
Elaine,Carlson,3
Sophia,Arnesson,4
Therése,Bernhardsson,3
Estrid ,Hedqvist,5
Albina,Henning,4
Liisa,Öhlund,5
Telma,Haglund,2
Erina ,Ahl,3
Hannah,Fridell,2
Yara ,Lundmark,1
Emilija,Lundbäck,4
Monica,Oscarsson,1
Adina,Forss,2
Safia ,Aronsson,1
Tess,Löfgren,1
Gunilla,Lövgren,4
Helena,Widell,2
Mirella,Kroon,3
Adina,Holmberg,2
Evelina,Nordvall,3
Jackie ,André,4
Ann-Margret,Holmberg,3
Maj-Lis,Axén,2
Tova,Fagerström,3
Elinor,Bergquist,2
Tuva-Li ,Hellsten,3
Merve,Sundén,3
Inga-Britt,Ljungqvist,4
Marlene,Landén,5
Stella,Malmberg,3
Ruth,Berggren,1
Anne-Marie,Ehn,3
Heidi,Vikman,3
Mina,Vikström,1
Allis,Nordén,1
Cathrine,Rosenkvist,1
Holly ,Marklund,1
Malak,Bengtsson,1
Viktor,Sörensen,4
Lola ,Gidlund,2
Nikki,Bergdahl,4
Annie,Karlström,1
Petronella,Gren,2
Yara ,Burman,2
Ada,Kjellgren,3
Karla,Af,1
Anna,Nyrén,2
Dina,Engman,5
Ragnhild,Lindstedt,1
Maud,Wedin,2
Erina ,Kullberg,1
Ally,Borg,5
Zoey ,Lundbäck,5
Ebba,Ögren,2
Maryama,Strid,4
Line,Bergendahl,3
Ing-Britt,Eklöf,1
Frideborg,Grönqvist,2
Synnöve,Sjöstrand,2
Siri,Lindborg,1
Agnes,Vallin,3
Ottilia,Strandberg,1
Milou ,Holmer,2
Karla,Roos,1
Katrina,Nordmark,5
Iris,Söderberg,2
Juliette,Sturesson,5
Jasmin,Dahlqvist,3
Kendra ,Källgren,4
Inga-Lisa,Sjöberg,1
Alicia,Elg,5
Karl,Nordlander,5
Novalee,Ahlstrand,4
Ophelia ,Dahl,2
Melanie,Lilja,2
Deborah,Ekblad,2
Melanie,Hedén,2
Ann-Louise,Eng,2
Maggie ,Sten,1
Nelli ,Holmkvist,5
Eva,Åkerblom,3
Ariana ,Rosén,4
Christin,Elfström,2
Naemi ,Dahlgren,2
Margareta,Müller,2
Miranda,Zetterström,4
Edessa ,Ström,1
Johanna,Bergdahl,1
Joni ,Säll,2
Erza,Björck,1
Leja ,Blixt,3
Tilly ,Bladh,4
Margit,Valfridsson,4
Synnöve,Rodin,4
Rebecca,Lindman,2
Dilara,Edman,2
Uma,Lundmark,3
Merve,Sterner,1
Erica,Hagberg,2
Felizia,Sjökvist,1
Anne,Hagman,3
Marta,Kjellgren,4
Tone,Appelqvist,1
Elsie,Lindfors,3
Polly ,Smith,4
Petra,Örn,4
Alea,Oskarsson,2
Kiara ,Paulsson,4
Ida,Sjödahl,4
Clary,Sandqvist,1
Rut,Vidén,4
Tiffany,Mellberg,3
Mira,Ekholm,5
Mats,Evertsson,2
Majlis,Bohlin,1
Millie,Ekström,3
Mona,Schröder,4
Magda,Schön,1
Sidra ,Björk,4
Marie,Wennström,5
Eleonor,Landin,3
Ingalill,Törnqvist,2
Rayan,Qvist,2
Alice,Henriksson,1
Charlott,Wahlgren,3
Märtha,Hellman,1
Noelia ,Westergren,3
Sofie,Mattisson,5
Tekla,Malmsten,4
Franka ,Sjökvist,1
Helen,Näslund,5
Britt-Marie,Brodin,1
Aicha,Bjurström,4
Gustava,Ekstrand,2
Märtha,Bodén,3
Anna-Greta,Bergkvist,3
Antonia,Westman,2
Kaarina,Strid,1
Dahlia ,Mårtensson,3
Elsy,Olsson,5
Alwa,Lundbäck,5
Tea,Marklund,2
Sofia,Stenvall,5
Ninja ,Lidström,2
Adelia,Engstrand,4
Nellie,Kruse,4
Elisabet,Backman,3
Anna-Stina,Norlin,5
Louise,Hallén,3
Zara,Nordh,1
Veronica,Hallén,1
Estelle,Ryd,1
Evy,Hall,4
Konstantia,Rönnberg,3
Sylvia,Lundqvist,2
Jasmin,Ålander,2
Bertil,Hamrin,3
Gabrielle,Häggström,5
Sasha ,Bondesson,2
Marika,Hjelm,2
Ellinore,Stolt,4
Tindra,Svanström,4
Lejla,Franzén,5
Amber ,Jörgensen,1
Veronika,Bogren,2
Mary,Berglund,2
Mariam,Ehn,5
Madicken,Forsström,5
Elise,Klasson,5
Daisy ,Bäckström,5
Gunn,Nykvist,4
Gullbritt,Lindblad,3
Charlie,Nordlander,3
Miley ,Forss,2
Mathilda,Hagman,1
Isabel,Gudmundsson,2
Alissa ,Bjurström,3
Ingbritt,Rosvall,2
Emilia,Linderoth,2
Iris,Sjöblom,2
Vida ,Käll,2
Mathilde,Grip,2
Alba,Petersson,4
Elva ,Hjort,1
Konstantia,Eliasson,1
Karin,Sandell,1
Enya,Olausson,1
Charlie,Stridh,1
Claudia,Ryd,4
Eufemia,Hagberg,5
Gun-Britt,Lund,2
Merve,Hellstrand,1
Helen,Ottosson,2
Eda,Ölund,5
Magnhild,Selander,4
Majbritt,Sandgren,5
Elsa,Lindfors,5
Felicia,Brink,2
Ema,Åsberg,2
Britta ,Ryberg,2
Hjördis,Sandin,3
Gullbritt,Vestman,2
Fiona,Ringström,3
Helin,Vikberg,4
Ronja,Alm,1
Leyla ,Edström,2
Eva-Marie,	Ekstedt,3
Emmy,Grönvall,2
Anisa,Oscarsson,4
Elissa ,Norell,1
Maia,Birgersson,3
Helena,Björn,3
Evin,Landgren,3
Minella ,Sjöö,3
Esra,Häggström,4
Eliza,Thörn,5
Blanka ,Henning,1
Sabirin ,Andersen,1
Minna,Wester,1
Helga ,Lindbom,2
Li,Sjunnesson,2
Sophia,Anderberg,5
Thea,Norlin,5
Elena,Holgersson,2
Wilda,Fridell,4
Eivor,Skoog,5
Rigmor,Schröder,1
Antonia,Stefansson,2
Olga,Näsström,1
Elisia ,Lång,1
Novalee,From,1
Elisabet,Ölund,4
Louise,Cedergren,2
Unni ,Blomdahl,5
Nella,Strandberg,2
Dorotea,Östlund,1
Petronella,Roslund,3
Mariana,Blomquist,4
Magnhild,Renström,2
Helene,Mårtensson,3
Katrin,Englund,2
Linnea,Ljungkvist,5
Ulf,Löfdahl,2
Vilda,Byström,4
Sasha ,Van,5
Ophelia ,Björk,2
Ines,Klang,4
Ann-Mari,Svanström,1
Lexie ,Christiansson,5
Thelma,Ahlin,5
Belinda,Klaesson,2
Minea ,Vallin,3
Wilda,Kling,4
Destiny ,Bergquist,4
Dilan,Jonsson,2
Sibylla,Holmstedt,3
Leonora,Bäckman,2
Emerentia,Matsson,3
Katharina,Stålberg,2
Sienna ,Vahlberg,2
Milla,Hed,5
Marielle,Björkman,1
Lillie ,Martinsson,1
Tora,Anderberg,3
Milea ,Gullberg,2
Melek,Ekberg,1
Gullbritt,Klint,5
Junia ,Löfström,2
Kitty ,Holmberg,1
Izabella,Svanberg,3
Alma,Nordh,3
Rikard,Oskarsson,1
Helena,Lundqvist,1
Micaela,Storm,3
Alexis ,Sundkvist,4
Marie,Vinberg,1
Anna,Johnson,1
Clary,Köhler,4
Cindy,Olsson,3
Alexsandra,Sjunnesson,5
Maja,Bjurström,1
Ann-Kristin,Fogelberg,2
Marjatta,Palmgren,2
Tina,Qvist,3
Ragna,Hallman,5
Alida,Stenlund,2
Hannah,Malmgren,3
Rayaan,Selin,3
Betty,Rydell,4
Juli,Forsgren,4
Albina,Brändström,2
Maram,Strid,4
Birgit,Lindholm,2
Ada,Kroon,5
Selma,Landén,2
Emmy,Borg,1
Kim,Nord,5
Sigbritt,Lund,5
Tilly ,Hemmingsson,1
Suzanne,Höglund,1
Jolene ,Elofsson,1
Elissa ,Lindgren,1
Mirna,Broberg,1
Alisha ,Stålberg,5
Flora ,Palmqvist,5
Davida,Hed,5
Arvida,Lund,4
Indra,Vestberg,1
Marit,Blomkvist,1
Gina,Müller,3
Manda,Bertilsson,5
Mollie,Wennström,1
Simone,Gren,2
Penny ,Mörk,3
Terese,Broström,3
Noa ,Rydén,2
Gry,Hall,2
Virginia,Kjellberg,1
Anna-Karin,Östberg,4
Gullbritt,Ljungdahl,2
Elin,Törnblom,1
Emma,Sterner,4
Nathalie,Åsberg,1
Zara,Söderqvist,1
Salma,Björkman,5
Lillian ,Vall,3
Göta,Carlsson,4
Klara,Holmén,1
M,Müller,5
Gina,Vallgren,1
Emina,Hjalmarsson,4
Brita,Grip,4
Valborg,Sundman,4
Terese,Vernersson,3
Lola ,Axén,2
Vilhelmina ,Wallin,4
Elli ,Hultin,2
Lovelia ,Moberg,3
Novelia ,Torstensson,3
Stephanie,Svensk,2
Enja ,Åsberg,4
Elisab.,Östman,1
Moa,Malmkvist,5
Leyla ,Fält,5
Zeinab,Westerlund,1
May,Jensen,3
Alida,Fagerberg,5
Sofie,Enström,2
Belinda,Paulsson,2
Axelina,Markusson,2
Ingrid,Johannisson,5
Zahraa,Björn,5
Gertrud,Ahlin,2
Cassandra,Fridh,3
Alice,Gullberg,4
Selina,Wik,2
Kellie ,Liljedahl,3
Valeria,Malmberg,2
Amélie ,Bylund,5
Carola,Ljungdahl,5
E,Fernström,5
Elisab,Asplund,2
Lykke ,Öster,3
Desirée,Selin,2
Ophelia ,Mikaelsson,3
Thelma,Lindkvist,5
Juliana,Hjalmarsson,2
Fredrika,Grip,5
Monica,Tillberg,1
Lina,Cederholm,5
Solvig,Rosengren,4
Heidi,Westin,3
Tindra,Ceder,2
Karolin,Högberg,5
Cajsa,Wahlström,1
Helmi,Strömqvist,4
Viola,Österman,3
Tiffany,Ljung,3
Silje,Köhler,3
Isabella,Kjellgren,4
Celina,Nyqvist,5
Hiba,Hjorth,4
Lava ,Svantesson,2
Ester,Palm,5
Daniela,Appelgren,4
Majvor,Blomkvist,3
Junie ,Ahl,3
Rio ,Wikström,1
Jessika,Gillberg,5
Anna-Greta,Engman,3
Theodora,Löfström,1
Blanka ,Eklund,1
Leja ,Vigren,4
Norea,Åkerberg,2
Iza,Einarsson,1
Ursula,Adolfsson,3
Cornelia,Törnkvist,2
Olle,Ögren,5
Karolin,Morin,1
Donia,Renberg,4
Jolina,Christensen,3
Esma ,Selander,3
Anja,Krantz,5
Solvig,Davidsson,1
Fiona,Öhrn,3
Eva,Wallberg,3
Gunilla,Selberg,5
Jane,Fahlén,1
Hedwig ,Ramberg,1
Catharina,Lundberg,1
Nadine,Krantz,2
Ann-Mari,Granlund,4
Isra,Brändström,1
Ingeborg,Bergquist,3
Maya,Bergh,3
Jenna,Eklöf,5
Jana ,Wihlborg,5
Gerda,Fröjd,2
Sol,Edvinsson,1
Judit ,Engblom,3
Merve,Lidén,1
Charlie,Bergström,4
Isadora ,Brorsson,2
Jonna,Sjunnesson,1
Luna,Fagerlund,2
Hana,Göransson,4
Ebba,Welander,5
David,Söderqvist,1
Alida ,Jarl,2
Ophelia ,Ragnarsson,3
Julia,Thorsell,3
Aina,Kjellin,3
Susanna,Medin,5
Sophie,Wallström,1
Iréne,Roos,2
Sasha ,Holmlund,5
Carita,Engman,4
Helfrid,Vesterberg,1
Anny,Fransén,1
Inga-Lisa,Fridlund,2
Marg.,Collin,3
Leontina,Zachrisson,4
Joni ,Hultén,2
Christina,Ros,3
Annikki,Edholm,1
Jennifer,Melin,3
E,Wallin,4
Marja,Vesterlund,2
Zandra,Gidlund,1
Ros-Mari,Fahlström,5
Tuva,Frank,4
Ella,Brink,2
Jill,Vesterlund,5
Jessie,Stenlund,3
Alea,Hermansson,3
Alfhild,Nystedt,3
Teresia,Almqvist,2
Felicia,Östling,5
Layla ,Palmgren,3
Lina,Hägg,5
Norah,Söderman,5
Hoda,Hellström,1
Zara,Rosenberg,2
Natalia,Nyqvist,1
Alea,Israelsson,1
Keyla ,Bergstrand,2
Pixie ,Grönvall,1
Liva ,Lindkvist,4
Elona,Edvardsson,4
Jonna,Norman,4
Anne-Marie,Vestergren,5
Amie ,Gerdin,5
Felicia,Strandberg,4
Lava ,Albinsson,4
Juliette,Björkman,2
Märta,Sterner,3
Lola ,Sundquist,3
Anya ,Emanuelsson,1
Rose,Stenström,5
Roxanna ,Westin,4
Madelen,Nordquist,1
Dina,Vallgren,4
Amilia,Cederberg,5
Alisha ,Helander,5
Edessa ,Lindkvist,4
Heléne,Hjort,2
Jennie,Kjellin,1
Theresia,Wik,1
Edith,Stålberg,4
Anisa,Ohlsson,1
Desirée,Hedström,3
Harald,Melander,4
Lana,Almström,4
Mats,Sandell,2
Nelly,Wilhelmsson,4
Sofie,Forsman,4
Jenna,Leijon,5
Bianca,Bondesson,1
Vilhelmina ,Nordqvist,4
David,Mattiasson,4
Minnah ,Backlund,5
Nelia ,Sjöstedt,3
Nils,Malmborg,3
Noa ,Sjökvist,4
Gabrielle,Rodin,4
Hulda ,Malmgren,3
Milia ,Friberg,4
Esther,Bondesson,2
Maggie ,Ryberg,5
Ina,Sundin,1
Zackarias,Dahl,3
Gullbritt,Karlén,2
Ing-Marie,Elfving,4
Tara,Granat,4
Ally ,Ahlén,4
Zuzanna,Öster,3
Vanesa,Wickström,5
Natalie,Vestlund,1
Lin,Hultman,4
Emilija,Rundberg,3
Fatima,	Ekstedt,5
David,Vestin,2
Cecilia,Lundell,2
Elsie ,Sjöberg,2
Aina,Granberg,3
Valeria,Lindvall,5
Åsa,Knutsson,5
Alexandra,Kristensson,2
Ann-Christine,Forss,3
Johan,Wedin,1
Minella ,Molander,1
Malva,Krantz,1
Tea,Rydberg,5
Carin,Axén,1
Evin,Svanberg,5
Sabina,Mörk,3
Selina,Lång,4
Siham ,Sunesson,1
Tilly ,Bondesson,1
Vanesa,Hägg,5
Alida,Westerberg,4
Carita,Svanström,1
Corinne ,Sjöqvist,5
Leja ,Fridell,5
Shams,Bergquist,5
Christin,Rask,1
Bianca,Norström,3
Vivian,Vikman,5
Nelly,Hultqvist,1
Victoria,Welander,1
Carmen,Norling,5
Manda,Leandersson,2
Anna,Holm,2
Charlott,Pettersson,1
Melek,Andersson,1
Zandra,Lilja,4
Aina ,Nordqvist,3
Nelia ,Bohman,2
Amilia,Tuvesson,2
Monica,Åkerblom,2
Greta,Vilhelmsson,3
Jackie ,Wik,2
Gun,Sund,1
Vendela,Melin,1
Katja,Vikberg,3
Nadine,Strömqvist,1
Marta,Malmgren,1
Maija,Birgersson,1
Ema,Gerdin,5
Jolie ,Elfving,4
Jenna,Löfberg,1
Meja,Nordh,2
Celia ,Degerman,1
Jacqueline,Nordgren,1
Majlis,Edberg,2
Vilhelmina,Lundborg,4
Simona,Lindbäck,3
Virginia,Ålund,1
Livia,Davidsson,3
Anastasija,Norlin,3
Mary,Engstrand,4
Inga-Britt,Isberg,4
Ariana ,Kämpe,3
Anna-Carin,Sten,5
Wilda,Wirén,1
Caisa,Lundén,3
Alma,Bogren,3
Zanna,Westerberg,5
Wilja ,Grahn,4
Asta,Lidén,5
Sophie,Pettersson,2
Catharina,Zetterström,3
Keyla ,Staaf,1
Lamis,Grönvall,4
Ann-Kristin,Lindqvist,5
Else-Marie,Thorsell,5
Solvig,Malmberg,1
Harriet ,Gabrielsson,1
Lisen,Vestling,4
Isabell,Fredriksson,5
Vilda,Holmstedt,1
Sasha ,Sundman,5
Maj-Britt,Fernström,2
Ajla,Westergren,2
Rut,Trulsson,3
Maryama,Andreasson,1
Sabirin ,Hallén,4
Helene,Hedin,4
Linnéa,Näsström,2
Gull,Lind,4
Milena ,Åhlander,2
Nova-Li ,Almén,5
Lisbeth,Sjöholm,4
Annika,Werner,2
Lara,Hallqvist,2
Zahra,Johnsson,2
Lina,Wallgren,5
Melanie,Ling,4
Erica,Eliasson,4
Benin ,Asplund,2
Ingrid,Fast,4
Cajsa,Petersen,3
Elvi,Fagerström,3
Eliza,Landgren,3
Enya,Ekman,1
Haley ,Halldin,5
Mirjam,Haraldsson,4
Margret,Lundborg,5
Stephanie,Vestberg,5
Marja,Dahl,4
Amanda,Matsson,1
Axelina,Vestman,4
Salma,Hård,4
Lise-Lotte,Brolin,5
Leiah ,Hellqvist,5
Meia ,Wahlberg,4
Barbro,Åstrand,5
Dilan,Ekblom,5
Frida,Liljegren,4
Belle ,Nyrén,3
Narin,Elg,1
Moa,Berndtsson,2
Ivar,Ekblom,1
Tone,Kristensson,5
Anna-Lisa,Dahlin,5
Britta,Selander,2
Elisabeth,Rosendahl,1
Helfrid,Kvist,5
Esmeralda,Söderblom,5
Lova,Löfgren,3
Eveline,Israelsson,5
Elisabeth,Kristiansson,3
Rosanna,Wedin,5
Malin,Hällgren,3
Avin,Lantz,1
Emilija,Wik,1
Ragnhild,Cederholm,3
Mats,Sundén,1
Natali,Nordström,4
Yusra,Törnqvist,4
Tuwa ,Johnson,1
Gunilla,Magnusson,4
Aurora,Albinsson,1
Elena,Fagerberg,2
Céline,Grahn,4
Noor,Backström,3
Erina ,Törnkvist,2
Thelise ,Rosendahl,5
Naemi,Löfström,4
Thelise ,Lund,2
Mariam,Landgren,2
Harriet ,Söder,2
Hulda ,Lundborg,3
Mariann,Stensson,4
Silje,Norin,2
Dima,Sjösten,5
Thilda,Gustavsson,2
Amal,Fredin,2
Sonia,Lööf,1
Juliette,Esbjörnsson,5
Thelise ,Bergstedt,5
Maida,Nordahl,4
Valencia ,Dahlin,5
Rikard,Cederlund,3
Vanesa,Fransén,5
Lucia,Fast,5
Alvina,Johansen,1
Mari-Ann,Olsson,5
Lin,Meijer,2
Aurora,Kallin,5
Myra ,Holmberg,2
Charlott,Lagerström,2
Rim,Fahlström,5
Ellen,Dahlén,1
Doris ,Fagerlund,3
Sofie,Roslund,5
Lee ,Berg,3
Enya,Ask,4
Edit,Lundin,2
Asta,Lind,2
Denise,Sandin,2
Jasmine,Gillberg,2
Karla,Nelson,2
Doris ,Dahlberg,5
Susann,Lindqvist,2
Tuva,Bergstedt,3
Dana,Wiklund,3
Margareth,Mossberg,2
Wilda,Rapp,2
Xander,Wennerberg,4
Aliya ,Svantesson,2
Sabrin ,Nordgren,5
Gullan,Jonsson,3
Vilja,Örn,3
Annica,Sjölander,1
Lillemor,Sjöstedt,4
Magdalena,Karlström,2
Nour,Lövgren,2
Matilda,Bylund,1
Lillie ,Norin,3
Nadine,Lundström,2
Nadine,Malmberg,3
Lovelia ,Stridh,3
Lejla,Arnesson,3
Irene,Staaf,5
Camilla,Paulsson,5
Hilma,Winberg,3
Sigrid,Strid,1
Gunbritt,Lilja,1
Leonie ,Johannesson,5
Renée,Karlberg,1
Constance,Nelson,1
Vivian,Fors,2
Gunborg,Jeppsson,5
Tuva-Li ,Nordmark,4
Martha,Wahlström,3
Ellinor,Larsson,3
Ella,Svanström,3
Astrid,Strand,3
Elma,Karlsson,3
Hillevi,Hultberg,3
Naima,Rapp,5
Eden ,Glad,1
Dora,Lindstedt,1
Sanne,Fagerlund,4
Adolfina,Blomquist,3
Sol,Stensson,4
Ejvor,Ekberg,1
Nomi ,Rydén,4
Alexis ,Hedin,5
Olivia,Wik,2
Penny ,Hedén,4
Göta,Helander,3
Emely,Hedlund,2
Kellie ,Helander,5
Madelen,Holmgren,5
Elle ,Rundberg,5
Isis ,Stolpe,5
Josefine,Jensen,2
Hilde ,Stolt,2
Liana,Thomasson,4
Elvina ,Hagberg,1
Caroline,Lans,1
Lucia,Långström,4
Silje,Tell,3
Amal,Viktorsson,4
Juno ,Ljungkvist,5
Tilly ,Lager,5
Elise,Hällgren,1
Sofi,Welin,3
Heléne,Åhlin,2
Emmelie,Hallman,5
Naima,Ekdahl,4
Ajla,Bergsten,2
Nadja,Norlin,1
Najma,Forsgren,5
Jane,Stenlund,4
Josefine,Åhlin,5
Zuzanna,Dahlström,3
Awa ,Adolfsson,3
Ilse ,Lif,1
Gunvor,Sahlin,2
Gull-Britt,Frick,3
Margareta,Jernberg,2
Casandra,Stenström,5
Izabella,Gudmundsson,5
Maya,Hård,5
Samantha,Wilhelmsson,3
Adela,Nordmark,4
Leia,Forsman,4
Emelie,Sandberg,3
Sanja ,Lindblom,4
Elona,Niemi,3
Ninja ,Petersen,1
Margareta,Sjölund,4
Vivi-Anne,Helgesson,3
Irem,Lundquist,1
Tilde,Högman,2
Antonia,Källgren,2
Sofie,Johannisson,5
Aisha,Norlander,3
Nawal ,Hedberg,3
Marika,Erlandsson,5
Charlie,Lindquist,5
Najma,Frank,3
Chanelle ,Lindfors,4
Moa,Ekstrand,5
Sigrid,Malmqvist,4
Lea,Ljungdahl,2
Jenna,Burman,3
Amie ,Sundström,5
Amanda,Bergström,3
Denise,Ekvall,4
Hilde ,Malmkvist,2
Anya ,Hallberg,4
Layla ,Hult,5
Tone,Sundberg,1
Frideborg,Staaf,2
Maja,Björk,5
Josefin,Björnsson,2
Victoria,Hammarström,4
Kristin,Källman,2
Corinne ,Ögren,2
Leona,Thunberg,1
Destiny ,Lantz,3
Yrsa,Franzén,3
Alma,Fröjd,4
Tuwa ,Hamrin,4
Camilla,Vikman,4
Minou ,Palmgren,4
Anya ,Berglind,1
Kendra ,Forsgren,2
Maia,Ferm,5
Melissa,Wall,5
Nancy,Olsson,4
Suzanne,Hansson,4
Iris,Svanberg,3
Dorotea,Nordquist,4
Tara,Adamsson,4
Junie ,Hamberg,1
Christin,Löfqvist,5
Lucy ,Hedberg,2
Hildur,Grahn,4
Iza,Hedlund,1
Elizabeth,Åhs,5
Inga-Lill,Burman,2
Brita,Wall,4
Aya,Paulsson,1
Gertie,Dahlström,2
Meya ,Ekström,5
Line,Albertsson,1
Vivi,Hultén,4
Leonora,Valfridsson,4
Noa ,Rickardsson,5
Helén,Norell,3
Leona,Schön,2
Tone,Malmkvist,1
Elinor,Olsen,3
Noelia ,Lång,3
Kendra ,Ahlström,5
Annette,Nordlund,5
Mariana,Jeppsson,4
Carola,Hagman,1
Smilla,Björklund,5
Eva-Marie,Österman,2
Shams,Westlund,5
Ellinore,Åman,4
Aisha,Welin,2
Allie ,Ölund,3
Mirna,Lindroth,2
Anneli,Strand,4
Isis ,Andersson,4
Elicia ,Qvarnström,2
Isis ,Johansen,1
Karl,Rickardsson,2
Ann-Charlotte,Boström,4
Daniela,Malmgren,2
Claudia,Zackrisson,2
Zandra,Olsson,1
Lizzie,Ask,4
Asta,Henriksson,1
Zoey ,Andersen,4
Tuva,Johannesson,4
Suzanne,Vestergren,1
Agneta,Lindqvist,3
Maud,Månsson,3
Marie-Louise,Markström,2
Agneta,Werner,2
Lou ,Thor,3
Valencia ,Skog,4
Tua,Törnqvist,3
Belinda,Kroon,2
Dalia,Leijon,5
Fannie,Sundin,5
Daisy ,Seger,1
Celina,Selberg,4
Lorin,Fröjd,3
Luna,Rundberg,4
Elaine,Ferm,2
Ewa,Ehn,4
Adèle ,Almström,2
Anastasia,Magnusson,3
Judith,Sörensen,4
Lotta,Sonesson,5
Elena,Falck,1
Angelika,Nielsen,2
Melinda,Borg,3
Melina,Östlund,4
Lillian ,Hemmingsson,4
Ann-Margret,	Ekstedt,1
Ottilia,Schmidt,1
Margit,Lovén,4
Zandra,Emilsson,3
Jana ,Grönlund,1
Melinda,Dahlman,1
Aprilia ,Jönsson,2
Emely,Wilhelmsson,1
Karina,Hjalmarsson,2
Tania ,Salomonsson,2
Thelma,Hamberg,2
Bertil,Ceder,4
Savannah,Schmidt,2
Ajla,Sjöqvist,1
Towe,Vikman,2
Ros-Mari,Bergman,1
Penny ,Ferm,4
Elisia ,Melin,2
Elva ,Engblom,2
Elsie,Thorén,2
Mila ,Grönlund,4
Corinne ,Elofsson,1
Ann-Kristin,Edström,1
Emerentia,Näsman,2
Fatma,Näslund,2
Nina,Ljunggren,2
Gunborg,Vennberg,3
Ottilia,Holmstedt,4
Helfrid,Ekvall,3
Nor,Wall,2
Jackie ,Fröjd,4
Amelie,Juhlin,1
Layla ,Kallin,5
Wilhelm,Hedberg,5
Natali,Berglin,5
Constance,Lindh,5
Keyla ,Lundell,1
Céline,Åkerberg,3
Hanna,Modig,3
Billie ,Nyberg,4
Wilda,Falck,3
Vera,Schultz,1
Rut,Cederlund,4
Kim,Blomkvist,3
Helfrid,Lindström,4
May,Stenlund,1
Lovisa,Mossberg,2
Hanan,Fredin,3
E,Norling,5
Angelina,Westerlund,5
Chelsea ,Bergman,3
Noelle,Kling,1
Elinor,Sandgren,5
Margreta,Helander,1
Britt-Mari,Lindkvist,5
Kitty ,Kjellin,2
Betty,Grönlund,5
Tilly ,Strömgren,3
Veronica,Magnusson,3
Havin,Broman,2
Milena ,Edström,4
Rose,Svärd,5
Tua,Hammar,1
Tess,Sundelin,4
Isra,Frick,3
Ylva,Berggren,1
Adriana,Norgren,3
Avin,Hansson,1
Rut,Sörensson,5
Aprilia ,Hedman,4
Penny ,Af,4
Pia,Klaesson,3
Tanya,Åkerlind,5
Fannie,Hällgren,5
Emina,Glad,4
Desirée,Backman,3
Donya,Almén,2
Nadin,Israelsson,1
Edith,Fagerlund,3
Wilda,Sahlin,1
Liza,Hagberg,1
Thea,Hallén,3
Veronica,Åsberg,3
Joline,Fredriksson,3
Annica,Arvidsson,5
Rosa,Andersen,4
Mirna,Rehn,3
Carin,Lindbäck,5
Alma,Mörk,1
David,Stenqvist,1
Tova,Sjökvist,3
Matilda,Ling,2
Elva ,Hjerpe,3
Gertie,Månsson,5
Manar,Melander,4
Milia ,Dahlberg,4
Rigmor,Molin,1
Karl,Albertsson,3
Göta,Leandersson,5
Tuwa ,Sandin,3
Nor,Hultin,1
Lizette,Albinsson,2
Tiara,Rundgren,1
Anna-Maria,Bergqvist,1
Lovisa,Andersson,5
Miriam,Gunnarsson,1
Alissa ,Wiberg,4
Janina,Friberg,1
Wilhelm,Ljungdahl,3
Joline,Näslund,1
Daniela,Källgren,5
Anneli,Ryd,5
Myra ,Bergdahl,4
Estrid ,Kristensson,1
Leona,Stenström,3
Juni,Krook,4
Florence,Svedberg,2
Magda,Mellgren,5
Ingegärd,Lejon,1
Nanny,Falck,4
Ann-Charlotte,Svanberg,4
Emmy,Engqvist,5
Evelina,Lundén,4
Chloé ,Edholm,3
Rosanna,Melander,2
Sofia,Westman,3
Linnéa,Nordling,2
Erica,Karlén,5
Pamela,Appelqvist,2
Lycke ,Flodin,3
Herta,Sköld,4
Eva,Brodin,2
Miley ,Benjaminsson,3
Ann,Fahlström,5
Vivi,Hurtig,4
Beatrice,Edström,1
Elna,Nyholm,4
Lillie ,Axén,5
Ann-Louise,Helander,3
Lamar ,Lif,5
Else,Vik,2
Minelle,Jeppsson,5
Augusta,Westerlund,1
Emilie,Löfström,1
Novalee,Holmgren,2
Lycka ,Klint,1
Helena,Antonsson,5
Dora,Engberg,2
Ulrica,Strömberg,1
Ella,Vilhelmsson,5
Arwen ,Rosenqvist,2
Joline,Bruhn,4
Ebba,Svanberg,5
Daria ,Morin,1
Gina,Palmqvist,1
Harald,Källgren,5
Christin,Melin,1
Kim,Eklöf,5
Annabelle ,Hedberg,4
Solbritt,Björnberg,5
Maud,Melander,5
Rahma ,Johannisson,1
Veronica,Sjödahl,5
Savannah,Cederholm,4
Johanna,Byström,4
Haylie,Sköld,2
Fia,Kristiansson,1
Fanny,Grahn,4
Belinda,Åkerman,2
Jolie ,Olsen,1
Eleonor ,Göransson,1
Elvina ,Åkerblom,5
Beda,Franzén,1
Britt-Louise,Rosvall,3
Destiny ,Frick,4
Valencia ,Hallberg,2
Nike,Sturesson,3
Tone,Pettersson,2
Nelia ,Robertsson,2
Bella,Bylund,2
Annabelle ,Norell,5
Polly ,Selberg,3
Abigail ,Moberg,1
Carola,Thor,2
Lava ,Isberg,2
Kornelia,Åberg,2
Tindra,Wihlborg,1
Fannie,Nyman,2
Leiah ,Karlsson,5
Zeinab,Söderkvist,2
Vanessa,Nordberg,1
Wilhelmina,Nordvall,2
Susann,Thunberg,5
Elvira,Forslund,1
Jeanette,Mellberg,2
Emmi,Fransén,5
Siv ,Lorentzon,3
Gunilla,Glad,4
Towe,Fröjd,2
Magnhild,Andersen,3
Karin,Granlund,2
Tova,Palmgren,4
Joline,Juhlin,3
Britt-Mari,Collin,1
Tanja,Svensk,5
Nejla,Söderqvist,5
Towa,Pettersson,3
Novelia ,Ahlgren,3
Matilde ,Hugosson,2
Patrik,Forsgren,2
Nell,Sandin,1
Tora,Svahn,1
Nowa ,Holmquist,4
Rama,Stenmark,2
Ann-Christin,Rylander,5
Marg.,Hultgren,4
Quentin,Lagergren,1
Noa ,Hedblom,5
Fredrik,Ålund,3
Amina,Ahlqvist,2
Barbro,Haglund,3
Sibylla,Sundgren,2
Adelia,Qvist,5
Anastasija,Brännström,1
Aylin,Steen,5
Vivi-Ann,Sundén,1
Natalie,Lundquist,1
Amanda,Blomkvist,4
Fideli,Ehn,3
Isa,Landgren,3
Kitty ,Hammar,5
Lin,Glad,4
Layan,Granberg,3
Sanja ,Rodin,5
Izabell,Tillberg,3
Isis ,Jönsson,1
Hana,Magnusson,1
Justina,Ekström,1
Teresia,Nyström,1
Gullvi,Ramberg,2
E,Ros,4
Anette,Bäck,5
Iman,Boberg,1
Anne-Charlotte,Blomkvist,4
Naima,Fahlén,5
Estrid,Ekelund,5
Maj,Elfström,5
Zahra,Af,3
Khadija,Hellgren,3
Irene,Lundblad,1
Ellinore,Molin,1
Katharina,Engqvist,4
Runa,Sörman,1
Eva-Lotta,Gren,5
Mona,Rask,3
Viola,Hellgren,5
Mary,Söderman,1
Nadin,Johansen,1
Emelie,Larsen,4
Bianca,Vesterlund,1
Kendra ,Mårtensson,2
Denize,Brorsson,4
Ingegärd,Forss,4
Theodora,Hellqvist,5
Oliwia,Rundberg,5
Lilo ,Björkqvist,2
Ethel,Ljunggren,3
Kayla ,Norlin,3
Selina,Hellsten,1
Vera,Sörensson,3
Paula,Jörgensen,2
Myra ,Viberg,3
Izabell,Hedlund,4
Tova,Lidén,4
Nora,Back,2
Britt-Marie,Vidén,4
Vanja,Wallgren,5
Eugenia,Hilmersson,3
Mira,Källman,4
Viktor,Ahlin,5
Stella,Sahlén,3
Freya ,Fredriksson,1
Diana,Lindgren,5
Signhild,Sandén,1
Line,Turesson,4
Therése,Linder,1
Valencia ,Elfving,1
Laila,Lindskog,2
Rigmor,Sjösten,3
Towe,De,4
Helmi,Åstrand,5
My,Kjellin,3
Boel,Bäcklund,4
Adèle ,Berglind,4
Wilhelmina,Sand,3
Göta,Vesterberg,2
Nisa ,Strömqvist,4
Solvig,Hedvall,3
Agnes,Wallberg,4
Mari,Nyqvist,5
Olle,Svedberg,5
Minella ,Olander,4
Desirée,Gidlund,3
Cesar,Svedberg,4
Indra,Hedström,4
Dania,Ekström,3
Helga,Forss,4
Disa,Ekelund,1
Sonja,Öhlund,5
Tilia ,Viberg,4
Edla,Nilsson,2
Nanny,Modin,4
Paulina,Smith,2
Erina ,Sundström,2
Nikolina,Nordlander,4
Katja,Edholm,2
Gullvi,Forsman,4
Julia,Rosenqvist,1
Anna-Karin,Lönnqvist,3
Rawan ,Glad,1
Aylin,Söderqvist,1
Nemi ,Holmberg,1
Augusta,Friman,2
Elsi,Palm,1
Sandra,Selberg,1
Gunn,Brorsson,1
Gabrielle,Eskilsson,3
Malou,Malmborg,3
Sibel,Kämpe,5
Emmelie,Holmlund,5
Gabriella,Dahlén,3
Janet,Hultgren,4
Clary,Renberg,4
Rosanna,Hedqvist,4
Josefine,Juhlin,1
Marjatta,Blomdahl,4
Novali ,Ljungqvist,3
Milena ,Lagerström,2
Therese,Öster,1
Gerd,Flink,4
Olga,Cederberg,2
Lavin ,Ringdahl,2
Billie ,Lindholm,2
Mildred,Häll,3
Grace,Holmén,4
Amira,Lundberg,1
Inga-Britt,Sonesson,2
Lill,Rosander,5
Allie ,Ödman,2
Solveig,Christiansson,4
Esther,Granlund,2
Aaliyah,Lundgren,3
Maggie ,Backström,3
Marie-Louise,Molin,4
Ulla-Britta,Söderman,2
Manar,Qvist,1
Veronica,	Ekstedt,4
Elisabet,Hellberg,2
Emilia,Smith,5
Emily,Roos,3
Liselotte,Arvidsson,4
Adolfina,Westling,4
Zahraa,Erlandsson,1
Huda ,Elfström,1
Destiny ,Hellström,4
Xander,Nordqvist,5
Zilan,Assarsson,2
Ing-Marie,Nord,5
Eva-Marie,Törnqvist,3
Nova,Turesson,4
Mildred,Hallberg,2
Inga-Britt,Linderoth,1
Elissa ,Sjöö,5
Elaine,Sandström,5
Haley ,Wickström,3
Jana ,Lång,5
Jeanette,Enqvist,2
Rigmor,Säfström,1
Märtha,Göransson,2
Miranda,Näsström,1
Margot,Rosendahl,3
Juli,Valfridsson,2
Edit,Holmström,3
Thilda,Nilsson,5
Kira ,Linderoth,2
Irma,Axelsson,4
Alexis ,Liljekvist,5
Minella ,Karlström,1
Brita,Källgren,5
Lilith ,Möller,2
Ingela,Malm,1
Molly,Sahlin,5
Chanel ,Sundström,1
Benin ,Helin,1
Leah,Sundén,1
Layan,Brandt,4
Tua,Enström,4
Lin,Backlund,3
Amilia,Lindström,4
Evelyn,Jarl,2
Anneli,Ekstrand,4
Alexia,Winberg,4
Melina,Nordstrand,3
Elisia ,Hedlund,2
Harriet,Bark,2
Nour,Hällgren,3
Vivan,Gidlund,5
Emely,Molin,1
Novelia ,Engström,4
Lena,Forslund,1
Mirjam,Kjellberg,5
Martha,Bohman,3
Inga-Lisa,Hurtig,3
Jenna,Lindberg,5
Elly,Brundin,3
Elli ,Bäcklund,2
Louise,Lindstrand,2
Eva-Lotta,Lundblad,3
Isabella,Thelander,5
Leona,Fredlund,2
Nour,Morén,3
Maggie ,Stenvall,2
Kaarina,Ahl,3
Ellie,Fält,4
Corinne ,Hjelm,4
Judit,Wickman,4
Lisbeth,Ekvall,3
Tiffany,Forsell,2
Edessa ,Af,3
Axelina,Bondesson,3
Inga-Lisa,Cedergren,4
Anna-Lena,Freij,3
Edessa ,Bratt,4
Alfrida,Linderoth,4
Lillian,Lans,1
Sofia,Moberg,3
Elwira,Thelander,4
Dagny ,Selander,4
Nicole,Sandahl,5
Erica,Stenlund,3
Gerda ,Häggström,4
Ninja ,Johannisson,4
Lexie ,Thorén,3
Joanna,Sandström,2
Salma,Bruhn,4
Rayaan,Lövgren,5
Samantha,Ling,3
Inga,Tornberg,3
Katrin,Christensson,2
Marina,Persson,2
Leonora,Köhler,2
Alyssa,Nordh,2
Rahma ,Stenlund,2
Nancy,Nylander,3
Laura,Ericsson,5
Arvida,Sjölin,1
Mirjam,Lindfors,3
Nadja,Löfqvist,5
Mikaela,Roslund,4
Louisa,Asp,1
Evelina,Sjunnesson,3
Nadja,Abrahamsson,4
Maya,Bäck,3
Elvina ,Holmén,3
Leila,Bertilsson,2
Anne,Strömqvist,1
Naima,Rosenqvist,4
Katharina,Öqvist,5
Denice,Sandén,2
Milla,Antonsson,4
Erika,Blomqvist,3
Jessie,Rydén,3
Maryama,Hansson,2
Medina,Holm,1
Märit,Wahlström,3
Constance,Sundell,3
Aina ,Palmgren,5
Ingegärd,Engström,4
Joanna,Holmkvist,3
Davida,Wall,3
Lucia,Bergsten,3
Mildred,Tufvesson,5
Synnöve,Åkerström,2
Josephine,Malmborg,4
Alisha ,Welander,4
Layla ,Grönvall,3
Noor,Lönn,1
Mina,Linderoth,1
Valentina,Helmersson,5
Marta,Vahlberg,3
Britt-Marie,Kroon,3
Elvi,Elfving,2
Albertina,Leijon,4
Monica,Frid,5
Selma,Hörberg,1
Florence,Adamsson,4
Amilia,Helin,1
Vendla,Wikman,3
Marjatta,Svensson,5
Tanya,Sjölin,2
Ing-Mari,Falk,5
Minelle,Stenström,4
Selma,Johannesson,4
Novalie ,Holmlund,5
Marie,Mellberg,1
Alvina,Bernhardsson,3
Ann-Margret,Wennerström,3
Elsi,Österman,2
Leah,Kristensson,2
Ulrica,Ludvigsson,5
Eva,Edman,3
Evin,Kraft,2
Dilan,Lidström,1
Elle ,Schultz,3
Ann-Christin,Hjorth,3
Albertina,Cederlund,4
Aino,Kruse,1
Andréa,Ström,5
Annette,Olsén,3
Lillie ,Bergstrand,4
Rayaan,Vestin,2
Sana,Cedergren,4
Ann-Charlott,Cedergren,4
Josefine,Hammar,5
Alfhild,Nordell,5
Whilma,Källman,4
Eda,Almgren,2
Amal,Forsell,3
Jacqueline,Högman,4
Klara,Bergstedt,4
Florence,Claesson,3
Layan,Carlström,2
Vivi,Englund,3
Zoey ,Wennerberg,1
Daniella,Bergstedt,2
Augusta,Vesterberg,5
Gerda,Sandgren,3
Adriana,Klingberg,2
Synnöve,Eklund,5
Thelise ,Schmidt,2
Nikita,Borg,5
Susann,Kihlberg,4
Klara,Malmsten,3
Adelia,Torstensson,5
Milou ,Brandt,1
Jasmin,Westman,4
Henrietta,Salomonsson,3
Vilma,Backman,3
Ingegerd,Ödman,4
Gullan,Melin,2
Lilo ,Brorsson,3
Asta,Schön,2
Estelle,Sjödin,5
Anna-Karin,Örn,4
Alma,Hemmingsson,2
Viola,Bondesson,4
Iris,Frick,2
Emma,Engqvist,5
Miriam,Borgström,4
M,Fritz,2
Yngve,Lilja,3
Renée,Hammarberg,1
Katrin,Lönnqvist,2
Syster,Karlberg,4
Marianne,Hed,4
Carin,Öberg,4
Julie,Bergqvist,3
Billie ,Rasmusson,4
Lexie ,Ericsson,3
Caisa,Moberg,1
Elissa ,Reinholdsson,4
Lilo ,Vikberg,3
Lucia,Rundberg,3
Sibel,Albinsson,5
Christel,Norling,2
Pia,Fröberg,4
Gloria,Henningsson,2
Ophelia ,Gidlund,3
Samantha,Fridén,5
Renée,Boström,4
Elsy,Bergman,4
Zeynep,Oskarsson,2
Constance,Ålander,3
Amelie,Jernberg,5
Ann-Mari,Bergkvist,1
Ing-Britt,Sandell,4
Miley ,Fransson,2
Vega,Jörgensen,2
Åse,Johansen,2
Solveig,Ljunggren,4
Amilia,Svantesson,2
Amira,Åhlin,2
Yasmina,Kjellin,1
Juliana,Ludvigsson,4
Ilona,Ryd,4
Luna,Esbjörnsson,4
Zara,Svedin,2
Ana,Malmgren,1
Rita,Ahlberg,4
Hannah,Renström,2
Christin,Kämpe,5
Eda,Vilhelmsson,4
Freija ,Vahlberg,2
Sabina,Wennerberg,1
Annabelle ,Norin,1
Aleyna ,Nordvall,4
Maia,Öqvist,3
Smilla,Torstensson,2
Sonja,Stål,2
Gunilla,Engstrand,3
Sabina,Backman,2
Ava,Åhs,3
Nanna,Schröder,3
Hillevi,Brandt,4
Ulrika,Åsberg,2
Madicken,Peterson,1
Sol,Nordin,5
Tanja,Elg,5
Anna-Stina,Hansson,5
Thea,Fredin,2
Linn,Ahlgren,3
Carmen,Brink,4
Erina ,Söderman,2
Ellen,Strömgren,1
Solveig,Pehrsson,3
Lea,Holmberg,2
Charlott,Ringström,4
Vanna,Strömbäck,3
Viola,Sigfridsson,3
Villemo,Alexandersson,4
Eleonor,Kristiansson,5
Eila ,Björck,1
Maj-Britt,Viklund,4
Jackie ,Hagelin,4
Dagny,Lundbäck,2
Emmelie,Ahlberg,2
Leah,Lindeberg,2
Tove,Larsson,5
Teresia,Vestling,1
Tilde,Bergh,5
Telma,Svanström,2
Elizabeth,Söderberg,3
Maj,Lundkvist,3
Shams,Ingvarsson,1
Vanna,Widén,5
Gunn,Åhlin,3
Zahraa,Green,3
Paula,Rosvall,5
Yrsa,Öster,3
Vivian,Ågren,5
Nicolina,Engqvist,4
Inga-Lisa,Bergh,5
Abigail ,Svanström,1
Eira,Broman,5
Else-Marie,Sundquist,4
Cecilia,Kämpe,5
Isadora ,Nyberg,3
Hildegard,Månsson,3
Mary,Ölund,5
Gina,Helmersson,2
Ilse ,Henningsson,4
Sol,Vinberg,3
Carina,Brorsson,2
Zackarias,Edgren,3
Paula,Rylander,2
Carin,Halldin,1
Anne,Hedlund,2
Vilma,Forsström,3
Samantha,Ringdahl,3
Erika,Hedblom,3
Fatima,Broman,5
Mary,Sjösten,1
Janina,Löfstrand,1
Bella,Glans,1
Jolene ,Lundgren,5
Adèle ,Widén,2
Wilhelmina,Klasson,1
Carla ,Svan,2
Ebba,Lejon,1
Aaliyah,Wirén,3
Helny,André,1
Karolina,Åhlander,4
Liisa,Vesterlund,3
Barbro,Wiklund,4
Nina,Åkerström,3
Lo ,Ryd,2
Sanja ,Rosenqvist,1
Berfin,Carlén,3
Anna,Ahlqvist,2
Wilda,Nordh,5
Smilla,Falk,1
Eleonora,Rosendahl,5
Fredrica,Ramberg,2
Natali,Stensson,5
Othilia,Collin,3
Britt-Mari,Rutgersson,2
Noelia ,Söderlind,4
Celine,Hultén,5
Josephine,Fält,2
Elin,Jörgensen,4
Ronya ,Augustsson,3
Linda,Vernersson,2
Amina,Lejon,3
Donia,Bolin,2
Leiah ,Winberg,4
Novali ,Hällgren,3
Elissa ,Modig,4
Ulf,Wall,5
Aleyna ,Modig,1
Miriam,Rutgersson,3
Fanny,Davidsson,5
Elfrida,Moberg,1
Mona,Rosell,1
Ebba,Bengtsson,4
Sana,Kämpe,5
Angelina,Sunesson,1
Ariana ,Berglind,5
Josefin,Ericsson,2
Estrid,Olausson,2
Minou ,Vik,4
Lisbet,Sahlberg,4
Serafia,Landin,1
Eveline,Ragnarsson,4
Ulla-Britt,Vernersson,1
Adele,Strid,1
Rosanna,Aronsson,5
Zelda ,Lindeberg,4
Gabriella,Kjellman,4
Evy,Engström,4
Whilma,Högman,5
Kiara ,Rundqvist,3
Jasmina,Hultin,3
Marwa,Stål,5
Eufemia,Svanberg,5
Anja,Morin,4
Josefine,Burman,4
Isabella,Pehrsson,2
Ninja ,Ask,4
Esmeralda,Gidlund,5
Gloria,Schultz,4
Emmi,Häll,5
Nomi ,Niklasson,2
Maram,Grönvall,1
Naemi ,Svan,1
Ingela,Norén,4
Annette,Lindqvist,3
Else-Marie,Ericson,1
Helene,Wahlström,5
Yvonne,Lundvall,5
Claudia,Roth,2
Hedwig ,Ivarsson,1
Nella,Ålund,5
Britt-Marie,Frid,5
Madelene,Svanberg,4
Estrid ,Malmros,2
Haley ,Nord,5
Adèle ,Elg,4
Leontina,Olsson,2
Amal,Lindén,4
Kersti,Wickström,1
Tuva-Li ,Ekström,2
Ulf,Stolpe,4
Sofia,Lennartsson,4
Pixie ,Åhlén,3
Gisela,Hellgren,1
Thindra,Nordquist,3
Bodil ,Tornberg,1
Aurora,Vestman,5
Grace,Ahlstrand,4
Joni ,Appelqvist,3
Eivor,Olausson,2
Else-Marie,Broström,4
Eivor,Palmgren,1
Iris,Lind,4
Bea,Storm,4
Lucia,Klang,2
Kim,Sundman,5
Norah,Zackrisson,5
Tania ,Häll,3
Ann-Christin,Vall,2
Freya ,Rosvall,2
Emma,Qvarnström,5
Hilda,Wik,5
Nils,Vilhelmsson,2
Martina,Olsen,1
Mathilde,Vestlund,3
Emmi,Edgren,5
Hiba,Ask,2
Samira,Malmkvist,2
Johanna,Viklund,3
Gerd,Ryberg,3
Sama ,Sjunnesson,2
Gry,Holmberg,5
Vendla,Öster,1
Celine,Åstrand,3
Susann,Fridh,1
Tamara,Åhs,5
Märit,Storm,3
Signe,Jeppsson,1
Josefin,Blixt,4
Lise-Lott,Malmsten,5
Leyla ,Leandersson,4
Greta,Norrman,3
Hulda ,Grahn,1
Yasmina,Stolpe,1
Ada,Petersson,5
Jessie,Lindén,5
Carolin,Holst,5
Justina,Edgren,2
Kayla ,Westerberg,2
Ingeborg,Sandin,1
Viktoria,Qvarnström,3
Amber ,Ljungström,3
Hildur,Hagelin,2
Görel,Evertsson,1
Elinor,Jernberg,4
Ava,Sahlström,4
Wendela,Kämpe,1
Leona,Björk,3
Gustava,Mossberg,2
Mila ,Lindell,2
Thelma,Söderqvist,2
Viveca,Haraldsson,3
Zara,Hansen,1
Emy,Löfdahl,3
Emina,	Ekstedt,2
Elinor,Christiansson,1
Ängla,Kroon,5
Blenda,Albinsson,5
Berfin,Sunesson,5
Philippa,Robertsson,1
Mari-Ann,Wall,5
Leonora,Öberg,2
Ann-Marie,Johannesson,1
Flora ,Kristensson,3
Leona,Helander,5
Dahlia ,Linder,4
Eden ,Viklund,3
Lorin,Rehn,2
Alexandra,Sjunnesson,2
Anastasia,Nordberg,3
Vida ,Brundin,3
Juni,Gabrielsson,3
Vendla,Sandell,3
Ulf,Petersson,1
Britt-Marie,Gustafsson,1
Junie ,Ehn,5
Janet,Juhlin,3
Ninja ,Ekman,4
Judith,Leijon,1
Lova,Eklöf,1
Stina,Hultén,1
Adriana,Frank,4
Novalie ,Hultgren,2
Anny,Lagergren,2
Luna,Appelqvist,2
Amira,Engberg,3
Blenda,Östberg,1
Shams,Mörk,1
Rahaf,Ekblad,5
Chanel ,Hedström,1
Marlene,Svedin,1
Johan,Lindbom,1
Lizzie,Berger,4
Alice,Elfving,2
Myra ,Andreasson,5
Sylvia,Rundqvist,1
Safa,Mårtensson,2
Erza,Ceder,4
Tuva-Li ,Oscarsson,4
Rose,Svensson,5
Virginia,Van,2
Cornelia,Hagberg,4
Maja,Hägg,3
Indra,Håkansson,3
Desirée,Vahlberg,1
Mika,Qvist,2
Nawal ,Linder,3
Nina,Brändström,3
Katarina,Nordquist,1
Maryam,Lundholm,2
Ela ,Lundquist,2
Ivar,Vestman,2
Whilma,Lundell,4
Natasha,Lindquist,2
Petra,Elfström,4
Solveig,Hultgren,1
Marina,Lindman,1
Mildred,Ekdahl,3
Erina ,Bergström,4
Ros-Mari,Ölund,3
Rosita,Vallin,4
Maryam,Stålberg,2
Livia,Norlander,1
Inga-Lill,Stenqvist,4
Silje,Blom,2
Nelly,Lundgren,2
Nelli ,Ramström,5
Zilan,Norberg,4
Elisa,Fridén,3
Hana,Sörensson,5
Lilith ,Sjödahl,3
Cecilia,Holm,5
Mira,Hjerpe,5
Inger,Söderblom,5
Vanja,Landén,1
Liisa,Holmén,1
Hafsa ,Åhman,4
Lilo ,Rapp,2
Samantha,Lönnqvist,4
Elly,Hultqvist,1
Sylvia,Alexandersson,2
Lova,Lundkvist,3
Helfrid,Hedberg,3
Sonia,Forslund,4
Sofi,Hultqvist,3
Thilde,Sundqvist,5
Chloé ,Thorell,5
Céline,Malm,5
Dora,Engqvist,1
Anya ,Hagström,5
Tilly ,Ring,1
Melek,Brink,1
Alba,Lundvall,3
Evy,Lidén,3
Syster,Fredin,5
Zara,Assarsson,3
Lillie ,Brodin,3
Constance,Ljunggren,1
Aurora,Back,2
Madicken,Edvinsson,1
Sabrin ,Näslund,3
Dilan,Lundborg,5
Noomi,Nordlund,3
Tua,Svensk,1
Lee ,Wahlgren,1
Benin ,Blomkvist,4
Ana,Mattisson,3
Theodora,Södergren,2
Juliana,Klint,2
Leja ,Forsell,4
Erna,Widell,1
Ann-Charlott,Bergstedt,4
Angelica,Lidman,1
Novelia ,Åman,1
Britt-Inger,Hellström,3
Gabriela ,Klaesson,3
Jolin ,Lidberg,1
Anne,Karlström,5
Sibylla,Åström,2
Rayaan,Hällgren,5
Märta,Nylén,3
Ally,Benjaminsson,1
My,Österman,4
Theodora,André,5
Freija ,Ljungkvist,5
Jackie ,Andreasson,1
Bernhardina,Wiman,3
Zoey ,Mossberg,2
Vivan,Petersen,2
Thyra,Thorén,5
Izabelle,Bergqvist,5
Fatima,Von,5
Stina,Berglund,2
Clara,Wahlqvist,4
Clara,Malm,1
Ilona,Löfstedt,5
Denize,Norén,4
Erika,Edman,3
Kendra ,Törnberg,4
Gull,Tapper,2
Andréa,Levin,3
Åsa,Hammarström,1
Karolina,Burström,5
Tova,Asp,4
Ann-Christin,Ericson,5
Lill,Lans,5
Zahraa,Sjögren,3
Yasmina,Fernström,3
Emy,Sörman,1
Helena,Berg,3
Lexie ,Nordgren,2
Hilma,Ekberg,4
Norea,Larsson,5
Brita,Henningsson,3
Frida,Hellberg,1
Susanna,Berggren,1
Gertie,Lennartsson,4
Sol,Ekblad,4
Lizzie,Bylund,3
Novali ,Nordling,1
Malva,Trygg,2
Ally ,Backman,5
Eva-Lena,Sundén,2
Marianne,Högberg,2
Smilla,Öst,3
Ada,Svan,4
Gustava,Ericsson,5
Mariann,Ekman,1
Ann-Louise,Strid,4
Inga-Maj,Bergh,2
Melinda,Sjögren,4
Ann-Christine,Sjödin,4
Isabelle,Stolpe,3
Ros-Marie,Hedén,3
Leila,Södergren,4
Isolde,Hägg,2
Elsie,Forss,4
Joline,Matsson,4
Jolina,Rundgren,1
Britt-Mari,Kron,1
Angelika,Bodén,3
Angelina,Rasmusson,2
Vendla,Grankvist,4
Margreta,Krantz,2
Rayan,Nilsson,3
Kiara ,Lindstedt,3
Ingbritt,Öst,1
Lillian ,Östergren,2
Ronja,Holmkvist,4
Synnöve,Hultqvist,3
Mimmi,Ryd,4
Juni,Törngren,5
Otilia,Wilhelmsson,2
Emerentia,Lindeberg,4
Dagmar,Svensson,5
Margaretha,Öst,2
Leah,Sandahl,4
Annabelle ,Kristoffersson,3
Jenny,Lovén,3
Eivor,Ingemarsson,1
Amie ,Vestlund,1
Leonora,Abrahamsson,2
Jasmin,Fagerström,2
Serafia,Lundell,5
Emerentia,Lindquist,5
Rojin,Lundqvist,3
Monica,Melin,5
Else-Marie,Ekelund,2
Najma,Israelsson,2
Bertil,Kjellström,3
Antonia,Vernersson,1
Petronella,Hallén,4
Majlis,Molin,3
Mariette,Ferm,4
Monika,Hermansson,3
Ann-Kristin,Roslund,4
Helen,Klaesson,3
Olivia,Karlberg,1
Kaarina,Hultin,1
Donya,Öhlin,2
Rut,Bark,3
Eva-Lotta,Lind,3
Fredrik,Holmgren,3
Matilda,Stolpe,5
Asta,Bergmark,2
Konstantia,Werner,5
Viola,Wennström,2
Lowa,Stark,3
Karolin,Rundberg,1
Clara,Sjökvist,1
Céline,Josefsson,3
Isabel,Leijon,3
Gull-Britt,Ljungdahl,2
Ida,Af,2
Synnöve,Hellstrand,1
Ariana ,Lundh,4
Vivi-Ann,Trulsson,2
Florence,Bylund,1
Angelika,Forsell,3
Lovelia ,Johnson,5
Tove,Vall,3
Moa,Pehrsson,4
Enja ,Säll,1
Eva-Lotta,Norlander,4
Agda,Nordvall,2
Carita,Östberg,4
Juni,Holmer,2
Solvig,Almström,1
Adele,Elofsson,2
Helmi,Wallgren,5
Tuva-Li ,Ragnarsson,2
Herta,Ålander,4
Sibel,Björkman,5
Ida,Blad,5
Benin ,Wahlqvist,5
Micaela,Törnkvist,3
Karin,Vikberg,4
Åse,Thorén,1
Solbritt,Göransson,3
Karl,Lindroth,3
Alexsandra,Ramström,3
Villemo,Gustavsson,1
Aisha,Nordén,2
Kerstin,Nordling,4
Michelle,Melander,2
Dagny,Halvarsson,1
Ester,Ödman,4
Rayan,Jörgensen,4
Luna,Lundén,3
Sandy,Molander,2
Elsi,Hellström,2
Haylie,Hagelin,3
Monika,Alfredsson,5
E,Löfstedt,1
Hanin ,Ström,1
Zoe,Blixt,5
Alexia,Bratt,4
Dania,Sjöstrand,4
Ulla,Melin,3
Emmie,Knutsson,4
Hiba,Wallén,2
Zeinab,Linde,5
Destiny ,Paulsson,2
Gabriela ,Englund,4
Eda,Helgesson,1
Alissa ,Wallström,2
Vilma,Granqvist,2
Miley ,Långström,2
Simona,Törnblom,1
Monica,Tornberg,2
Malva,Abrahamsson,1
Leia,Liljedahl,2
Saga,Fast,3
Linnea,Almqvist,4
Ally ,Hedberg,2
Telma,Norling,5
Neah ,Granström,1
Yasmina,Roos,2
Aylin,Westman,5
Dana,Landgren,2
Marit,Sjöstrand,3
Fia,Ramberg,3
Katrin,Rosén,5
Vivi,Brodén,3
Gabriela ,Wihlborg,5
Ingrid,Forsberg,3
Mira,Sander,1
Leya ,Gabrielsson,4
Elma,Bergh,5
Nisa ,Thor,3
Ana,Seger,2
Constance,Ahlgren,4
Adele,Malmqvist,2
Anneli,Larsson,1
Cindy,Widén,1
Luna,Oscarsson,1
Elisa,Johansen,4
Naemi ,Sundgren,1
Siri,Källgren,4
Berfin,Lagerström,2
Boel,Nyberg,1
Felicia,Ölund,3
Sama ,Fridén,4
Naemi,Johansson,1
Dania,Ahl,3
Elisab.,Åstrand,2
Isa,Ringdahl,5
Laila,Adolfsson,1
Michelle,Bäck,5
Juli,Byström,5
Liana,Lindström,4
Mariette,Landström,1
Hanna,Stensson,1
Rahma ,Brändström,2
Majbritt,Ekelund,4
Carola,Svantesson,3
Nilla ,Bertilsson,4
Liselotte,Hällgren,1
Hailie ,Berlin,5
Milla,Häggström,1
Zahraa,Pedersen,4
Marie,Hedberg,3
Henrietta,Malmkvist,1
Ann-Louise,Axén,2
Edit,Julin,5
Ofelia,Skoglund,2
Isra,Hellqvist,2
Yasmin,Olovsson,3
Stephanie,Edlund,4
Alfhild,Norell,4
Hilma,Wallén,1
Nelli ,Hamberg,4
Anna,Wiklund,5
Inga-Maj,Löfström,5
Aina,Holmkvist,5
Ing-Mari,Ålund,5
Leiah ,Lundh,3
Zelda ,Palmqvist,3
Lovelia ,Lundberg,1
Evelin,Johannesson,5
Sabina,Löfström,4
Tova,Helander,1
Eline ,Hultqvist,1
Melek,Nordell,4
Leia,Lindvall,4
Samira,Skoog,2
Anna-Stina,Zetterström,4
Rebecca,Lind,4
Cathrine,Hedblom,5
Anneli,Lagergren,4
Stephanie,Gidlund,3
Nemi ,Fagerberg,5
Edessa ,Lindell,5
Kersti,Ludvigsson,5
Flora ,Valfridsson,1
Lovina ,Jakobsson,2
Rayan,Westlund,1
Nadia,Vikström,3
Zanna,Forss,5
Anna-Stina,Niemi,4
Juno ,Kullberg,5
Justina,Björling,5
Anna,Steen,4
Aina,Renström,1
Nejla,Vikman,2
Gertrud,Ragnarsson,4
Dima,Sandell,2
Selma,Persson,5
Ingeborg,Karlström,1
Lykke ,Andersen,3
Hannah,Dahl,3
Tova,Spångberg,5
Emma,Hellström,4
Aleksandra,Westberg,5
Zanna,Ericsson,1
Gabriela ,Ottosson,5
Mirjam,Johansson,4
Tintin,Wilhelmsson,4
Haylie,Jonasson,5
Tiffany,Olin,4
Carla ,Van,1
Thilde,Abrahamsson,5
Susanne,Hilmersson,4
Carla ,Vedin,2
Britt-Mari,Antonsson,5
Salma,Andrén,5
Dilan,Löfström,2
Ela ,Ljungström,3
Holly ,Thorsell,1
Michaela,Fast,4
Maryama,Bohman,4
Sama ,Fröberg,4
Malvina,Ramberg,1
Shams,Palmér,3
Ninja ,Rylander,4
Maryama,Wessman,4
Martina,Åstrand,5
Alida ,Åkerberg,2
Maj-Britt,Österlund,1
Ingegärd,Levin,1
Anita,Åstrand,2
Tuva,Löfström,1
Gun,Ros,4
Hana,Linder,1
Lise-Lotte,Wedin,3
Amira,Henning,4
Manda,Stenman,1
Fannie,Lindblad,5
Borghild,Ekblom,1
Silvia,Jacobsson,3
Edda ,Almqvist,3
Erica,Tuvesson,3
Simone,Palmér,5
Isabelle,Högberg,4
Margita,Stenberg,3
Elsie ,Olsen,4
Maggie ,Stolpe,3
Judit ,Larsson,1
Elisabeth,Samuelsson,5
Marit,Löfström,4
Katharina,Norlander,5
Manda,Stål,3
Signhild,Eklund,1
Alexsandra,Lövgren,1
Angelika,Modig,4
Mathilda,Strömqvist,1
Alva,Klasson,1
Rose-Marie,Edvardsson,5
Vilda,Wennström,5
Emerentia,Elfström,2
Ingvor,Fransén,4
Katrina,Hemmingsson,5
Madelene,Vall,5
Mariam,Lindström,3
Karin,Olovsson,4
Smilla,Axén,5
Leah,Kämpe,2
Adelia,Johnson,5
Awa ,Olausson,3
M,Blomqvist,2
Siv ,Borg,3
Gabriela ,Ahlberg,1
Hailie ,Kvist,5
Elva ,Blomdahl,1
Shirin,Lejon,2
Jasmina,Flodin,1
Karolina,Lindfors,2
Johanna,Lindberg,3
Anette,Westin,4
Ingeborg,Bryngelsson,5
Deborah,Modin,1
Nelia ,Lindman,1
Sabrina,Hedberg,4
Grace,Kristiansson,2
Tilly ,Svedin,1
Cathrine,Grönqvist,5
Lorin,Oskarsson,1
Caisa,Törnkvist,5
Ing-Britt,Selberg,4
Noelle,Strömbäck,4
Ingalill,Hammar,3
Gullvi,Nordgren,3
Henny,Henningsson,5
Josephine,Fält,3
Ingegärd,Öström,3
Nelly,Brändström,5
Savannah,Wallgren,4
Telma,Wallman,4
Annette,Wickman,2
Albertina,Landgren,5
Amber ,Melander,2
Hedvig,Adolfsson,4
Jolina,Westlund,3
Monika,Brännström,4
Adele ,Söderholm,1
Nadin,Holmqvist,3
Eira,Ludvigsson,1
Annica,Josefsson,3
Gunda,Åkerström,3
Penny ,Pehrsson,3
Jessie,Lindahl,5
Charlotta,Morin,5
Rim,Rosenqvist,1
Harald,Palmér,1
Zainab,Jensen,2
Hillevi,Zakrisson,2
Ninni,Morin,2
Majbritt,Stark,1
Malou,Eriksson,2
Vilma,Rasmussen,3
Dilan,Kjell,3
Ann,Karlberg,2
Vilda,Öhlin,2
Amélie ,Rönnberg,1
Lizette,Westling,1
Britt-Mari,Edgren,4
Virginia,Classon,1
Melissa,Kallin,5
Nicolina,Landin,3
Elin,Ericson,4
Louise,Petersson,2
Selina,Vesterlund,5
Diana,Byström,5
Valencia ,Nordvall,5
Sanna,Müller,2
Elvina ,Hammarström,4
Rita,Lundstedt,5
Erina ,Lövgren,5
Ragnhild,Hedström,1
Naima,Hult,1
Elmedina,Englund,5
Jill,Vestberg,2
Freyja ,Ryberg,4
Anja,Svenningsson,5
Mathilde,Sjökvist,3
Villemo,Meijer,3
Siri,Lagergren,3
Elwira,Ulander,1
Elvy,Fast,2
Eva,Hjalmarsson,4
Anna-Greta,Levin,1
Ann-Christine,Norlander,1
Minou ,Lindquist,1
Josephine,Cederholm,3
Eden ,Thunberg,2
Yasmina,Törngren,3
Holly ,Robertsson,3
Olivia,Engdahl,2
Hedvig,Enqvist,1
Frideborg,Eskilsson,3
Avin,Nielsen,3
Tintin,Kruse,4
Terese,Hellstrand,1
Eline ,	Ekstedt,4
Lowa,Rydström,1
Mariette,Jarl,1
Zilan,Backström,5
Madelene,Högström,5
Mina,Gullberg,1
Marielle,Nystedt,4
Dana,Lundh,5
Carita,Lindblom,4
Adina,Kling,5
Annica,Hammarström,4
Gullan,Ståhl,4
Lillemor,Sundberg,2
Liselott,	Ekstedt,2
Ingbritt,Elfström,2
Erika,Hallberg,4
Celina,Oskarsson,2
Freja,Fahlén,4
Majlis,Holmquist,4
Milou ,Fridén,5
Mira,Mattiasson,1
Daisy ,Elofsson,4
Lillian,Tillberg,1
Sienna ,Lindholm,3
Adèle ,Edman,5
Gullan,Af,1
Lilo ,Backström,1
Tilly ,Tornberg,3
Michaela,Bohman,2
Cindy,Högman,2
Lilian,Forsman,5
Gull-Britt,Holmlund,1
Irene,Frisk,4
Leonora,Kjellman,2
Freya ,Axelsson,1
Allie ,Löfström,2
Bea,Arnesson,4
Anisa,Qvarnström,5
Tanja,Lindvall,1
Minou ,Davidsson,4
Erna,Norberg,4
Catarina,Medin,5
Blanka ,Welander,1
Johanna,Söderman,3
Nell,Juhlin,3
Nada,Åström,4
Mirella,Löfberg,2
Madelene,Bohman,4
Ariana ,Johnson,4
Lotta,Lundin,5
Kornelia,Nyrén,4
Ann-Katrin,Pihl,2
Solveig,Andersen,5
Arwen ,Källberg,3
Gunhild,Helmersson,4
Hailey ,Engstrand,2
Franka ,Stenlund,4
Meija ,Källberg,2
Amal,Dahlström,4
Stina,Johansen,5
Aaliyah,Bergsten,4
Ulla-Britt,Stark,2
Lola ,Fernström,4
Lilly,Ledin,3
Esmeralda,Viberg,4
Evelin,Bergh,2
Ann-Charlott,Olausson,3
Telma,Hultén,3
Destiny ,Björck,1
Nova-Li ,Spångberg,2
Anna,Johnsson,4
Linnea,Pettersson,1
Luna,Hansson,1
Margaretha,Vik,5
Donya,Åström,1
Iréne,Lundbäck,2
Inga,Zackrisson,2
Augusta,Burman,4
Esmeralda,Adamsson,1
Valeria,Tjernström,3
Nike,Lorentzon,1
Michaela,Söderblom,4
Harriet ,Bengtsson,4
Minna,Olander,2
Donia,Sjöberg,1
Keyla ,Borgström,4
Janet,Melin,4
Blenda,Edvardsson,1
Madelene,Lönnqvist,5
Lava ,Wessman,5
Dalia,Freij,1
Savannah,Roos,2
Emerentia,Jeppsson,1
Silvia,Ekman,1
Kira ,Isaksson,3
Nova,Ask,1
Novelia ,Hultman,4
Isis ,Wallén,4
Gunborg,Olovsson,3
Amanda,Welander,2
Carita,Christensen,3
Erina ,Hallström,5
Eira,Dahlqvist,3
Nicole,Wall,5
Siv ,Augustsson,2
Ylva,Beckman,3
Chanelle ,Ringdahl,1
Tuwa ,Tornberg,1
Zanna,Hellberg,1
Nour,Sand,2
Freya ,Rosenberg,4
Najma,Vilhelmsson,4
Cesar,Grönlund,2
Linnéa,Lindell,5
Sofi,Rydström,4
Madelene,Valfridsson,4
Zahraa,Söderlund,1
Ruth,Jernberg,2
Gunnar,Ahlén,2
Kajsa,Haraldsson,2
Vivian,Josefsson,4
Hanna,Ekstrand,1
Disa,Magnusson,5
Zara,Welin,3
Janina,Trygg,4
Aicha,Viklund,3
Mia,Sonesson,1
Mirella,Borgström,4
Hilda,Bratt,3
Gulli,Örn,1
Medina,Risberg,3
Anne-Marie,Jakobsson,4
Eufemia,Bjurström,3
Boel,Nordin,1
Ängla,Widell,1
Eleanor ,Mattsson,4
Elisia ,Lundén,3
Chanel ,Glans,3
Vivan,Erlandsson,3
Liana,Andreasson,4
Nor,Thulin,3
Elmedina,Hagström,3
Amna,Peterson,4
Ellinore,Lundbäck,2
Céline,Stenvall,1
Rose,Svan,1
Livia,Jansson,3
Kajsa,Lundahl,4
Dalia,Nordkvist,2
Mirjam,Mossberg,5
Victoria,Wallgren,1
Melissa,Östlund,3
Lorena,Ring,3
Isolde,Lager,4
Malin,Svensk,2
Sofia,Mårtensson,3
Ronja,Thulin,5
Mollie,Carlsson,3
Elisia ,Klint,4
Gerd,Magnusson,3
Sanna,Johansson,2
Lo ,Lidberg,4
Sophia,Holgersson,2
Ilma,Svenningsson,4
Gullbritt,Törnblom,2
Eleonor,Edgren,2
Yngve,Vigren,1
Anna-Stina,Nyqvist,1
Emely,Löfqvist,3
Gloria,Mörk,2
Tua,Rosvall,5
Lars,Sjunnesson,3
Ellie,Ottosson,2
Mikaela,Sahlberg,2
Fredrica,Enberg,2
Lydia,Sandberg,2
Olga,Ljung,3
Mariann,Forsberg,2
Hannah,Alm,3
Felicia,Petersson,1
Asma ,Sturesson,4
Mildred,Olsen,1
Yasmina,Holmqvist,4
Malva,Öster,3
Alessia ,Dahlberg,4
Anita,Hellberg,5
Elfrida,Falck,4
Joline,Lundkvist,1
Hollie ,Engvall,5
Ofelia,Månsson,3
Alida,Östlund,1
Annica,Einarsson,3
Heidi,Blomkvist,4
Alva,Oskarsson,2
Mimmi,Wiman,4
Teresia,Westberg,3
Estrid ,Svahn,5
Lizette,Sterner,5
Simona,Hjelm,3
Ros-Mari,Öman,3
Nomi ,Abrahamsson,1
Tiffany,Carlén,1
Isabel,Arnesson,2
Emeli ,Sandqvist,2
Linda,Hultman,5
Jonna,Wennberg,4
Ann-Margret,Engstrand,3
Aline,Meijer,1
Hilde ,Sterner,5
Sabirin ,Hägglund,4
Wilhelmina,Fagerlund,2
Karla,Sjögren,4
Tintin,Sterner,5
Lola,Persson,3
Regina,Rönnberg,2
Sofia,Robertsson,3
Marwa,Lönnqvist,3
Synnöve,Hammarström,4
Anita,Ålund,2
Gerd,Bergmark,5
Signhild,Svedberg,4
Kristine,Dahlgren,2
Rio ,Käck,2
Birgitta,Hagman,2
Isis ,Lindquist,5
David,Svedberg,3
Therese,Högman,2
Inga,Näsström,1
Alida ,Olausson,4
Vivan,Turesson,1
Najma,Östberg,1
Lina,Lidberg,5
Alfrida,Åkesson,3
Synnöve,Hedström,3
Rosa,Nyström,1
Zanna,Hällström,5
Eliana ,Widén,5
Nowa ,Skoog,3
Nicolina,Malmsten,2
Elin,Julin,1
Elisabeth,Hansen,2
Daisy,Nordin,1
Alina,Källgren,2
Anne-Marie,Sörensen,2
Alma,Palm,3
Daria ,Åsberg,5
Norah,Stenberg,3
Claudia,Markström,5
Salma,Jakobsson,1
Eugenia,Lundquist,1
Elma,Nyqvist,5
Frideborg,Ekstrand,5
Thindra,Olin,4
Penny ,Gunnarsson,2
Mirella,Henningsson,5
Anny,Sterner,4
Hiba,Berglind,3
Amalia,Stålberg,5
Freyja ,Linderoth,2
Karola,Törnberg,5
Alea,Bergkvist,1
M,Engstrand,3
Magda,Lindbom,2
Minja ,Jensen,3
Hanin ,Vigren,2
Nora,Risberg,4
Freja,Glans,1
Gunnar,Gerdin,4
Ethel,Klingberg,2
Matilda,Landgren,1
Tamara,Lång,1
Ina,Björk,1
Lejla,Sjöstedt,2
Emily,Hällström,5
Leontina,Ljungberg,2
Frideborg,Müller,1
Noomi,Börjesson,4
Vivi,Löf,4
Dilan,Eskilsson,5
Heidi,Engström,3
Line,Broström,4
Towe,Mattiasson,4
Theodora,Rundberg,1
Amina,Vennberg,1
Othilia,Östling,1
Suzanne,Hultqvist,3
Lexie ,Westin,5
Claudia,Möller,4
Carita,Von,4
Telma,Vahlberg,4
Nomi ,Fogelberg,2
Gina,Jansson,5
Moa,Sundqvist,5
Lise-Lotte,Granström,3
Rosa,Bolin,4
Mina,Åkerblom,2
Andrea,Nyman,3
Anny,Liljekvist,5
Malou,Tufvesson,4
Gabrielle,Liljegren,1
Leia,Ingemarsson,1
Ellinor,Näsström,3
Tilja ,Lind,5
Gabriella,Jernberg,4
Mika,Lång,2
Fatima,Sunesson,2
Junie ,Gustafsson,3
Minna,Malmström,3
Tina,Vestlund,4
Fredrica,Bergvall,1
Yasmin,Brodin,1
Adelia,Linder,2
Isadora ,Tapper,1
Alice,Holmquist,1
Elvira,Lundbäck,4
Maida,Thor,5
Manda,Nylén,4
Valborg,Medin,4
Lovis,Fagerström,1
Zara,Åkerblom,2
Elina,Öberg,2
Smilla,Forss,4
Mona,Berlin,5
Savannah,Nordqvist,3
Vilhelmina ,Alfredsson,1
Cristina,Hammarlund,5
Natalia,Vikström,1
Enya,Salomonsson,3
Wilhelmina,Lindgren,2
Viktor,Sjöberg,2
Ilona,Börjesson,4
Indra,Konradsson,1
Emmi,Malmros,3
Towe,Ahlén,2
Mikaela,Westergren,3
Kornelia,Hilmersson,3
Gry,Öhman,4
Rayaan,Göransson,5
Nell,Vidén,1
Ilse ,Malmqvist,4
Flora ,Jacobsson,4
Elvina ,Tuvesson,4
Minelle,Ekman,4
Katrina,Malmsten,3
Erica,Wallman,4
Haylie,	Ekstedt,4
Lola,Grönlund,4
Gina,Mattiasson,3
Kim,Stenberg,1
Alva,Blom,3
Andrea,Hedström,1
Malou,Bruhn,4
Yusra,Sterner,1
Ottilia,Bäcklund,5
Susann,Algotsson,4
Nova-Li ,Andersson,5
M,Alfredsson,5
Pauline,Jensen,1
Julia,Morén,5
Tekla,Henning,4
Gunvor,Grönlund,3
Dalia,Lundblad,5
Olivia,Wennerberg,5
Ingrid,Åsberg,3
Nea,Landgren,5
Elsie ,Hedqvist,4
Hoda,Cederholm,1
Alexis ,Eklöf,5
Nemi ,Österlund,4
Rebecca,Börjesson,5
Gurli,Engdahl,1
Daisy,Rydén,2
Annette,Ingemarsson,2
Smilla,Åkerlund,4
Edessa ,Vestling,5
Blanka ,Fredlund,3
Lillian ,Almén,3
Maia,Granath,1
Naemi,Holmqvist,1
Anne-Charlotte,Holmén,3
Lin,Stefansson,2
Patricia,Rosenqvist,2
Rawan ,Ohlsson,1
Lexie ,Engstrand,3
Vendla,Nyström,1
Valeria,Gidlund,4
Nikolina,Wirén,4
Renée,Ödman,3
Sibel,Åkerberg,2
Brita,Fredriksson,5
Anne-Marie,Ros,2
Meija ,Sundkvist,3
Jessika,Norberg,3
Madeleine,Bergh,3
Annikki,Palmqvist,5
Joline,Ekstrand,2
Ann-Kristin,Von,1
Leija ,Stenmark,3
Jenny,Ramström,5
Majlis,Almgren,3
Nike,Käck,4
Sofi,Landström,5
Zeinab,Wilhelmsson,4
Natalia,Folkesson,5
Milou ,Ekstrand,5
Elvy,Sunesson,2
Mila ,Lundqvist,4
Elfrida,Almén,3
Enja ,Bergdahl,4
Miley ,Söder,5
Arwen ,Hallén,4
Yasmina,Nyholm,1
Paulina,Nykvist,1
Ava,Björn,3
Anna-Greta,Modin,1
Nelia ,Bondesson,5
Aino,Fahlström,1
Natasha,Hammarberg,2
M,Ek,4
Eira,Matsson,2
Viktor,Nordin,2
Annette,Elofsson,4
Britta ,Rönnbäck,2
Elisia ,Fridh,1
Blenda,Åkerman,1
Chloe ,Gidlund,1
Lykke ,Alexandersson,1
Vendla,Brännström,4
Ingvor,Hällgren,4
Aida,Arnesson,2
Ingrid,Bruhn,4
Ragnhild,Qvarnström,1
Annelie,Vestling,3
Märtha,Bladh,4
Arwen ,Persson,2
Henny,Blomdahl,4
Helny,Stolpe,5
Emina,Hedblom,2
Allie ,Norén,2
Linn,Zakrisson,5
Anneli,Vall,4
Narin,Enqvist,4
Mary,Granqvist,1
Zahra,Lundell,4
Fideli,Klingberg,5
Lovelia ,Alexandersson,2
Annabelle ,Christiansson,3
Sophia,Forsell,1
Gunhild,Backman,5
Ingvor,Thor,3
Martha,Ödman,3
Augusta,Nord,2
Gabriela ,Löfdahl,4
Sibel,Blomqvist,2
Mariette,Edholm,1
Minou ,Lönnqvist,5
Elwira,Fors,4
Charlott,Helgesson,5
Hjördis,Edberg,1
Amélie ,Thuresson,3
Gunn,Löfstedt,5
Kayla ,Sjöberg,1
Athena,Sundell,1
Henrietta,Henning,3
Hildegard,Blom,4
Fatma,Albertsson,5
Novalee,Sjöström,5
Jane,Abrahamsson,3
Nova,Frank,5
Leonie ,Ask,1
Nemi ,Fredlund,2
Ing-Marie,Borg,4
Madelen,Ljungdahl,5
Lamar ,Öberg,5
Gunvor,Arvidsson,2
Arwen ,Björklund,5
Rikard,Käll,3
Natalia,Lindén,5
Anita,Sjödahl,4
Jasmin,Höglund,3
Naima,Långström,5
Filippa,Nordquist,3
Angelina,Beckman,2
Olga,Karlström,1
Amanda,Granath,1
Sophia,Ekberg,4
Olga,Törnblom,2
Emma,Carlberg,3
Nora,Wiberg,5
Minella ,Olsen,3
Konstantia,Halldin,4
Judith,Werner,2
Mariann,Hugosson,2
Katja,Nystedt,2
Hedda,Nelson,1
Bea,Gustavsson,1
Junia ,Eklöf,5
Carina,Hallström,5
Zuzanna,Hansson,2
Sanne,Lindborg,2
Lena,Lönnqvist,1
Harriet ,Söderblom,3
Aya,Zetterlund,5
Oliwia,Rosberg,2
Eva-Lena,Sandström,2
Stella,Holmén,4
Aprilia ,Glad,3
Vanja,Einarsson,5
Rania,Holmström,4
Gullvi,Bjurström,3
Magda,Malmsten,1
Inga-Lena,Wihlborg,4
Linnéa,Fransén,2
Britt-Inger,Wilhelmsson,3
Sophia,Svensk,3
Margita,Vennberg,3
Therese,Eriksson,1
Ängla,Antonsson,4
Anne,Norén,1
Michelle,	Ekstedt,5
Rayaan,Näslund,3
Viviann,Björklund,4
Zara,Skog,5
Dalia,Blomqvist,2
Malou,Kjell,1
Leila,Bertilsson,2
Margreta,Flodin,2
Eira,Sjöstrand,5
Jolie ,Karlberg,4
Edessa ,Norén,3
Eva-Lena,Blad,5
Lucy ,Tillman,1
Melisa,Johannisson,5
Zoey ,Ahlin,5
Aline,Hemmingsson,3
Towe,Blixt,4
Viveka,Vikman,3
Ann-Mari,Fransén,3
Kelly,Rönnbäck,4
Rahaf,Wahlgren,1
Adriana,Sörman,2
Eira,Bäckman,4
Catharina,Näslund,4
Majlis,Sjökvist,3
Elsie,Wallén,1
Jennifer,Hultgren,4
Dahlia ,Cederholm,1
Jessie,Söderlind,4
Gerd,Sandström,3
Junie ,Hall,1
Kersti,Norman,3
Michelle,Wilhelmsson,1
Lava ,Julin,2
Amalia,Stenlund,1
Jennie,Sjögren,5
Felizia,Sterner,1
Aurora,Hedqvist,5
Lin,Söderlund,2
Elvi,Reinholdsson,3
Marielle,Göransson,3
Céline,Söderman,1
Elly,Vestman,4
Elvi,Skoglund,4
Ayla,Fritz,4
Leonora,Frisk,1
Melisa,Rosendahl,2
Eveline,Lundqvist,1
Bonnie ,Malmkvist,1
Gabriella,Cederberg,1
Yngve,Hall,5
Eva-Marie,Westerlund,1
Berta,Vallgren,5
Lilly,Lindborg,1
Susanne,Jansson,5
Lovina ,Elg,4
Marwa,Zachrisson,3
Sabirin ,Sonesson,3
Aisha,Hedin,5
Mathilde,Käll,3
Sol,Widell,1
Perla ,Ulander,1
Evy,Bodén,1
Gina,Morén,3
Ann,Hallén,5
Mats,Staaf,5
Sienna ,Lindén,4
Emelie,Konradsson,2
Inger,Hjort,5
Elise,Bondesson,1
Mika,Vidén,1
